tag,count
person,241969
girl,169098
woman,118595
face,63307
young,60912
hair,56679
man,53580
white,41648
art,40264
hold,38224
picture,38209
wear,36950
little,36764
boy,36486
drawing,32340
anime,29703
black,29563
cartoon,29505
flower,29210
pink,28564
child,27901
hand,27664
red,27130
stand,26236
blue,25458
sky,25421
dress,24897
cat,24749
animal,23984
sit,23194
look,22166
water,21564
eye,20162
hat,19879
cute,19840
illustration,19667
head,18049
glass,17153
photo,16684
sit on,15590
wallpaper,15011
phone,14290
image,14070
shirt,13777
painting,13368
people,13255
dog,12856
table,11582
bear,9914
wall,9818
lip,9501
ear,9443
green,9351
bed,9321
window,9309
walk,9212
light,9142
drink,9125
tree,8928
smile,8668
street,8556
night,8419
small,8368
cloud,8156
long,8043
food,8042
yellow,8017
couple,7828
beach,7677
tie,7656
ocean,7616
mirror,7586
portrait,7537
sunset,7494
sign,7449
teddy bear,7168
love,6982
camera,6819
star,6798
toy,6483
bird,6456
kitten,6349
quote,6341
room,6279
book,6276
car,6260
cup,6245
umbrella,6086
baby,6086
building,6071
sun,5766
rabbit,5752
actor,5722
field,5708
city,5557
kimono,5554
text,5533
purple,5495
suit,5441
lady,5414
chair,5398
model,5218
finger,5209
lay,5183
step,5176
fly,5119
mouth,5112
moon,5094
snow,5075
bunny,5004
cartoon character,4821
eat,4774
mask,4767
sweater,4751
sea,4734
logo,4718
toddler,4683
paper,4632
bow,4587
nose,4553
beauty,4499
arm,4448
call,4429
sunglass,4424
sit in,4234
makeup,4177
rose,4161
lipstick,4023
pose,3978
poster,3913
costume,3904
school uniform,3896
grass,3792
video,3725
bag,3651
floor,3640
bottle,3509
orange,3488
bouquet,3482
mountain,3453
pig,3384
symbol,3366
writing,3347
cake,3322
cap,3305
puppy,3270
jacket,3234
plant,3229
kid,3171
uniform,3167
rain,3159
coat,3157
plate,3103
bowl,3054
skirt,3042
couch,3032
beautiful,2917
cigarette,2879
large,2853
movie,2839
blanket,2790
lake,2763
talk,2708
doll,2682
scarf,2639
night sky,2576
cover,2575
road,2566
vase,2560
hoodie,2482
coffee,2465
kiss,2453
lay on,2419
box,2403
pattern,2394
game,2353
bench,2347
traditional,2345
t shirt,2341
house,2334
line,2308
sleep,2307
fruit,2302
leg,2281
baseball cap,2278
panda,2261
silhouette,2254
pillow,2248
headphone,2238
play,2218
top,2194
body,2182
lie,2169
boat,2110
ride,2079
door,2076
face mask,2063
river,1992
shoe,1969
selfie,1963
brown,1959
butterfly,1957
shoulder,1953
helmet,1951
balloon,1941
space,1906
tattoo,1881
some,1876
read,1859
smoke,1814
mouse,1788
beanie,1764
dark,1758
full,1737
skateboard,1735
train,1723
desk,1723
tooth,1723
cellphone,1717
neck,1697
apple,1691
float,1666
tongue,1663
laptop,1657
shadow,1656
hill,1656
park,1649
backpack,1634
sheep,1625
film,1625
blonde,1614
design,1599
forest,1598
strawberry,1565
set,1551
write,1547
candle,1540
hang,1531
straw,1519
bride,1515
duck,1501
bubble,1500
elephant,1500
bow tie,1497
calligraphy,1490
bathroom,1481
basket,1480
short,1475
earring,1464
ring,1463
hug,1448
fish,1444
brush,1440
store,1435
gray,1407
source,1394
sketch,1386
show,1383
crown,1370
stage,1351
computer,1342
wave,1340
sidewalk,1306
necklace,1288
wooden,1284
card,1281
wind,1276
angel,1272
rock,1272
paint,1268
stair,1267
rainbow,1240
horn,1237
wing,1235
fence,1230
wedding dress,1227
gown,1209
old,1201
kite,1198
ice cream,1191
open,1191
branch,1189
daisy,1186
jean,1186
restaurant,1178
balcony,1175
wine,1169
screenshot,1163
airplane,1149
fan,1147
color,1134
colorful,1128
bridge,1122
monkey,1119
point,1111
bus,1101
pencil,1094
plane,1085
pool,1060
garden,1060
penguin,1040
veil,1023
ball,1018
gun,1017
milk,1010
nail,1009
cherry blossom,988
snowy,987
hairstyle,986
sticker,977
can,973
sock,972
business suit,970
firework,968
screen,967
roof,962
bike,958
cow,954
ponytail,946
striped,937
blow,933
braid,928
hood,926
ice,925
sunrise,918
number,918
planet,914
sand,909
watch,904
motorcycle,897
bicycle,895
foot,894
carrot,894
icon,892
dish,892
tulip,887
sunflower,886
circle,886
banana,879
wig,879
reflection,868
sleep on,868
drive,857
shelf,857
music,857
microphone,846
watermelon,845
ghost,840
towel,837
scene,837
plastic,832
lamp,832
many,825
photograph,824
birthday cake,824
unicorn,820
lantern,819
letter,804
stick,796
high,794
blouse,789
princess,788
sweatshirt,786
landscape,783
carry,782
school,781
kitchen,779
shine,779
round,774
beer,773
bread,770
spoon,765
horse,762
swim,761
student,759
cookie,758
tea,749
laptop computer,746
astronaut,745
basketball,737
style,735
leaf,733
graffiti,732
winter,730
toilet,726
cupcake,720
holiday,715
world,712
artist,709
pond,708
cheek,708
city street,700
glove,696
bedroom,693
collage,685
rat,679
curtain,678
dessert,677
run,676
birthday,660
egg,658
tall,657
straw hat,656
concert,655
wood,652
statue,651
sneaker,650
coffee cup,648
cherry,646
chicken,644
street sign,638
singer,633
clear,632
vehicle,631
floral,631
seat,626
clock,626
paw,623
money,618
palm tree,618
guitar,610
christmas tree,608
dance,606
frog,605
cloudy,604
note,600
frame,592
iphone,591
wine glass,590
fire,588
donut,587
chain,585
give,584
draw,584
boot,581
rooftop,574
sandwich,564
home,564
brick wall,561
headband,554
perform,554
neon sign,553
shape,551
sword,545
scooter,539
bun,536
envelope,536
walk on,530
font,527
tray,524
ceiling,519
jump,518
smartphone,518
lean,516
play with,515
fog,509
mountain range,508
keyboard,508
surfboard,507
refrigerator,507
snowman,506
close,504
newspaper,502
performance,502
flock,501
sheet,501
goose,499
arrow,497
television,495
candy,494
swimming pool,493
wrap,492
pant,490
reflect,489
breakfast,488
abstract,487
robe,486
square,483
surface,482
magazine,481
hot,479
bath,478
meadow,477
mother,475
fork,475
subway,475
desert,474
purse,471
crowd,470
flag,469
chocolate,469
sparkler,467
classroom,466
empty,466
instrument,465
denim jacket,461
meal,460
living room,460
goggle,457
wedding,457
toothbrush,456
earth,456
mug,456
scissor,454
fox,450
tablet,447
skin,446
jar,446
beard,442
lap,439
lamb,438
lollipop,434
knife,431
pizza,431
fill,428
dusk,428
noodle,428
deer,425
swing,425
3d,424
cheese,422
lemon,421
hamster,419
peach,418
event,418
marshmallow,414
darkness,414
beverage,413
moonlight,410
raincoat,409
ice cream cone,407
mermaid,404
forehead,401
seagull,400
single,397
whale,397
video game,394
ribbon,394
street light,393
sofa,391
stack,389
tv,389
glass vase,387
suitcase,387
doughnut,383
ride on,383
cream,383
tiara,383
pajama,383
dinosaur,380
sink,378
fur coat,377
island,376
chopstick,376
product,373
track,372
monster,372
pier,370
tiger,370
valley,366
notebook,366
bathtub,365
piano,365
tomato,363
skyline,363
apron,361
giant,354
bar,352
christmas,346
pearl,344
santa hat,342
trench coat,342
cliff,342
castle,342
drop,341
silver,339
ship,339
airport,338
overall,338
power line,338
fall,337
pole,336
robot,335
traffic light,334
gift,333
heart shape,333
bucket,332
water bottle,331
path,331
shore,330
pumpkin,330
sunlight,329
dry,329
shopping cart,328
label,327
rise,325
pot,325
happy,324
new,321
flat,317
wolf,313
leash,312
cocktail,312
paper bag,312
tub,311
blossom,310
picnic,310
pastry,310
family,309
bat,307
highway,307
parking lot,306
park bench,305
cereal,303
dragon,303
eyebrow,302
leather jacket,301
magnifying glass,301
juice,301
counter,300
fairy,300
dolphin,299
swan,298
guy,298
musical,297
witch,297
hole,296
sculpture,295
truck,294
basketball player,293
big,293
female,291
kneel,287
clown,286
pineapple,285
town,280
solar,279
calendar,278
bikini,277
banner,276
stool,276
animation,274
singe,273
blood,273
daughter,273
giraffe,272
cart,272
flame,271
tower,270
cherry tree,269
shark,268
song,267
wire,265
dock,265
glitter,264
mannequin,263
cactus,261
pen,260
frisbee,259
toast,258
website,257
grape,257
mural,255
pet,254
library,254
grassy,253
shower,253
heel,253
tree branch,253
soldier,252
snack,252
fresh,251
present,250
cut,249
vegetable,249
jersey,248
firework display,247
app,246
supermarket,244
chin,244
berry,243
blazer,243
cross,242
rocky,241
smell,241
waterfall,241
feather,240
grow,240
handbag,238
share,238
crop top,237
surfer,236
sandy,235
hamburger,235
skull,234
fridge,234
cone,233
temple,233
traffic,227
cage,227
goldfish,224
goat,223
subway train,223
elevator,220
rope,218
tank top,218
groom,217
golden,216
movie poster,216
belt,216
dancer,216
gold,215
watercolor painting,215
coin,215
orange juice,214
petal,214
antler,211
aquarium,211
bush,210
case,209
owl,207
specie,206
figurine,205
drama,205
amusement park,204
pour,204
train track,204
wild,204
collar,204
container,203
thumb,202
reindeer,201
liquid,201
autumn,201
rainy,201
text message,200
contain,199
lion,199
ticket,198
window sill,198
bee,198
haircut,198
ink,198
train station,198
diamond,197
vending machine,197
railing,197
celebrity,197
diagram,196
collection,196
wet,196
hospital,196
blackboard,195
broom,195
morning,194
foggy,193
tiny,192
crane,192
turtle,192
pipe,191
baseball bat,191
bloom,191
gesture,191
bone,189
airplane window,188
deck,188
fur,188
button,188
yogurt,187
party,186
luggage,185
wheel,185
festival,185
knee,184
train window,184
tuxedo,183
tennis racket,183
alcohol,182
dead,182
mushroom,180
skyscraper,178
cape,178
flute,177
driver,177
street lamp,177
air balloon,176
fabric,175
corner,175
nurse,174
squirrel,174
fedora,174
nun,173
wrist,173
eclipse,173
tear,172
machine,172
van,172
fashion,172
church,171
ice cube,170
sushi,170
key,169
telephone,169
system,168
shade,168
alley,168
manicure,167
snake,166
lily,165
escalator,165
skateboarder,165
nap,164
koala,163
menu,163
hallway,163
bookshelf,163
windmill,162
frozen,162
gas mask,162
shop,162
basketball court,162
blind,161
map,161
ladder,160
car window,159
graze,159
station,159
mustache,158
spider,158
furniture,158
exhibition,158
coast,158
dandelion,157
confetti,157
pug,155
bracelet,155
fashion show,154
easel,153
pin,153
carpet,153
mascot,153
modern,152
village,151
class,150
dove,149
stream,149
chest,149
dot,147
string,147
blueberry,147
lotus flower,147
lighthouse,146
puddle,146
playground,145
passenger,145
entrance,145
palm,144
sing,144
crosswalk,143
advertisement,143
horizon,143
father,143
soup,143
poodle,142
sad,142
stripe,142
beak,142
burger,142
canvas,141
laugh,141
mist,140
jellyfish,140
yard,139
computer screen,138
pagoda,138
spaghetti,138
ferris wheel,138
dress shirt,138
feed,137
ski,137
hang on,136
baby elephant,136
speech bubble,135
vest,135
wreath,135
clip,135
washing machine,135
lemonade,134
remote,134
stretch,132
new year,132
soap bubble,132
champagne,130
fist,130
elderly,130
bathroom mirror,129
violin,129
roll,129
cd,128
computer keyboard,128
dinner,128
view mirror,128
market,127
seal,127
tape,126
travel,126
chip,126
flower arrangement,126
paper lantern,125
hedgehog,124
triangle,124
bulldog,124
rocket,124
skeleton,123
fry,123
court,123
chef,122
clover,122
sail,122
herd,121
tunnel,121
flamingo,121
tropical,120
ornament,120
fountain,120
rice,119
meat,119
dollar bill,119
stocking,118
bamboo,118
office,117
lunch,116
beast,116
snowboard,116
glass bowl,116
staircase,116
pocket,115
decorate,115
apartment,115
hero,115
board,115
bandage,115
shell,114
see,114
piggy bank,114
author,114
halloween costume,114
doctor,114
snowflake,113
soap,113
haired,113
porch,112
bell,112
stomach,112
push,112
beam,112
ad,111
lime,111
garment,111
hospital bed,111
stamp,111
radio,111
smoothie,110
stitch,110
car seat,110
icing,110
farm,109
glass jar,109
coffee table,108
laundry,108
closet,108
magnet,108
bulb,107
sprinkle,107
cardboard box,107
baseball,107
intersection,106
spotlight,106
surround,106
waist,106
player,105
corn,105
sailboat,105
cowboy hat,105
clothing,104
loaf,103
pancake,103
pine tree,103
attend,103
chalkboard,103
yoga,103
pigeon,102
perch,102
stem,101
wheat field,101
binocular,100
lawn,100
melon,100
gate,100
broken,100
bust,99
art gallery,99
soccer ball,99
perfume,99
avocado,99
scale,99
napkin,99
future,98
flight,98
look in,97
crib,97
pasture,97
bald,97
subway station,96
double,96
ledge,96
studio,96
crash,96
popcorn,96
pregnant,96
rug,96
platform,95
stop sign,95
award,95
cash,95
briefcase,94
saucer,94
pasta,94
chihuahua,94
bite,94
cast,93
tennis,93
toilet paper,93
lighting,93
wildflower,93
signature,93
company,93
flower garden,92
stadium,91
tote bag,91
raspberry,91
several,91
slope,90
tail,90
hammer,90
chocolate cake,90
cardigan,90
kitty,89
fat,89
bagel,89
shield,89
pull,89
structure,89
cartoon illustration,89
sport car,88
rail,88
volcano,88
bonnet,88
peace,88
broccoli,88
moped,88
tent,87
figure,87
trail,87
windshield,87
wedding ring,87
package,87
circular,86
tag,85
vine,85
run in,85
pedestrian,84
aerial,84
flower shop,84
storm,84
llama,84
snail,84
swimsuit,84
toy car,84
shopping bag,84
water lily,84
cucumber,83
pick,83
artwork,83
ballerina,83
chalk,83
insect,82
signage,82
pill,82
alarm clock,82
comic book character,82
stone wall,82
climb,82
tight,81
billboard,81
ray,81
carousel,80
garage,80
parrot,80
peony,80
jet,80
zoo,80
bead,80
net,80
match,79
cafe,79
sunflower field,79
sandal,79
city skyline,79
lightning,79
tennis court,79
glow,79
lettuce,78
fire hydrant,78
crab,78
cloth,78
potato,77
muscle,77
toaster,77
athlete,77
parachute,76
police officer,76
iceberg,76
road sign,76
tank,76
pendant,75
railroad track,75
tube,75
post,75
crocodile,75
wire fence,75
hotel,74
lettering,74
chandelier,74
whiteboard,74
press conference,74
cabin,74
glass table,73
candy cane,73
monitor,72
dollar,72
greeting card,72
team,72
pony,72
trash can,72
duckling,72
parking garage,71
football player,71
cave,70
mall,70
honey,70
apartment building,70
pie,70
texture,69
octopus,69
pitcher,69
area,69
sand dune,68
sit by,68
embrace,68
speech,68
profile,67
taxi,67
cob,67
grapefruit,66
christmas light,66
brick,66
rooster,66
museum,66
lavender,65
microwave,65
lace,65
audience,65
coffee mug,65
waffle,65
crystal,64
rack,64
tennis ball,64
narrow,64
grocery store,63
sheet music,63
tile,63
clock tower,63
cityscape,63
bin,63
dirt road,63
stop light,63
toothpaste,63
baseball player,63
fish tank,62
jungle,62
priest,62
bus stop,62
stroller,62
passport,62
brace,61
trophy,61
helicopter,61
frosting,61
yarn,61
hammock,61
barn,61
wine bottle,60
toe,60
work on,60
flavor,59
control,59
pan,59
sponge,59
wash,59
picnic table,59
salad,59
curb,59
dining room,59
glass bottle,59
gothic,59
mountain lake,58
wind turbine,58
queen,58
fireplace,58
footprint,58
teacher,57
kilt,57
cold,57
dresser,57
gas station,56
galaxy,56
glass window,56
surf,56
lamp post,56
sip,56
snowball,56
skier,55
remote control,55
storm cloud,55
globe,55
golf course,55
drawer,55
coconut,55
run through,55
bathroom sink,55
eagle,54
orchid,54
computer monitor,54
bob,54
trunk,54
donkey,54
album,54
cutting board,54
crow,54
telescope,54
stork,54
alligator,54
beer bottle,53
lid,53
oil,53
wallet,53
aisle,53
teapot,53
glacier,52
belly,52
dune,52
flower pot,52
mason jar,52
basketball game,52
pirate,52
run on,52
walkway,52
wheelchair,52
sailor,52
ingredient,52
bakery,52
dvd,52
brain,52
atmosphere,51
mattress,51
gym,51
tire,50
adjust,50
suspension bridge,50
lead,50
cube,50
flower field,50
tram,50
bull,49
recipe,49
dachshund,49
cattle,49
wheat,49
satellite,49
tricycle,49
graphic,49
restroom,49
harbor,49
wind farm,49
brick building,48
halloween,48
warning sign,48
patio,48
alphabet,48
raft,48
relax,48
beach chair,48
shake,48
stove,48
croissant,47
political,47
street art,47
faucet,47
swimmer,47
classic,47
vodka,47
glass door,47
oven,47
slide,47
dice,47
daffodil,47
racket,47
megaphone,46
mailbox,46
graduation,46
currency,46
hillside,46
thigh,46
olive,46
male,46
mini,45
cotton,45
hotel room,45
pilot,45
nail polish,45
ocean wave,45
spot,45
angry,45
turban,45
nightstand,45
seed,44
king,44
tennis racquet,44
garage door,44
skate,44
butter,43
conversation,43
evening,43
basketball hoop,43
brand,43
warm,43
chocolate chip cookie,43
cook,43
ripe,43
canal,43
shawl,43
picture frame,43
reed,43
nut,43
bare,43
calculator,42
ancient,42
soccer player,42
birthday party,42
bug,42
bridal,42
engagement ring,42
cushion,42
snowboarder,42
stone,42
jewel,42
badge,41
fawn,41
touch,41
comforter,41
trumpet,41
mail,41
car mirror,41
work,41
cabinet,41
office chair,41
drum,41
arch,41
disc,40
fiction,40
bright,40
throw,40
swinge,39
polka dot,39
medical,39
maple leaf,39
pear,39
bacon,39
computer mouse,39
homework,39
ladybug,39
motor scooter,39
pack,39
laptop keyboard,39
carnival,39
kitchen sink,38
steering wheel,38
document,38
sparkle,38
stare,38
leopard,38
boxing glove,38
emotion,38
nebula,38
shower curtain,38
watering can,38
hay,38
aircraft,38
politician,37
handle,37
trouser,37
blank,37
barrel,37
jam,37
football,37
gift box,37
moth,37
rock formation,36
denim,36
booth,36
formation,36
rectangle,36
lizard,36
diaper,36
print,36
cracker,36
campfire,35
religious,35
fishing boat,35
splash,35
sport team,35
speaker,35
orange tree,35
sea shell,34
ivy,34
fig,34
builder,34
kitchen counter,34
date,34
salon,34
electronic,34
passenger train,34
clothing store,34
crate,34
battery,34
convertible,34
medicine,33
charm,33
sausage,33
school student,33
wood floor,33
tangerine,33
board game,33
grave,33
protester,33
trolley,33
boardwalk,33
hanger,33
spiral,32
courtyard,32
hydrangea,32
club,32
cable car,32
onion,32
blade,32
shovel,32
explorer,32
jeep,32
stairway,32
ankle,32
sphere,32
train car,31
sibling,31
dirt,31
tennis player,31
beaver,31
shoot,31
sled,31
dust,31
stairwell,31
dome,31
ballet,31
christmas ornament,31
boxer,30
starfish,30
row,30
monk,30
soccer field,30
creek,30
ketchup,30
flow,30
mat,30
hotdog,30
quilt,30
organ,30
snow storm,30
foam,30
lick,30
wagon,29
mud,29
pepper,29
human,29
street corner,29
celebrate,29
rocking chair,29
photographer,29
romantic,29
brooch,29
fisherman,29
patch,29
summit,29
cigar,29
city bus,29
outdoor,29
syringe,29
bonfire,29
eiffel tower,29
calf,29
police,28
postcard,28
gear,28
wicker basket,28
spark,28
headset,28
worm,28
raven,28
turkey,28
water droplet,28
release,27
traffic sign,27
dining table,27
cottage,27
canoe,27
goal,27
lobster,27
chimney,27
powder,27
cowboy,27
cruise ship,27
explosion,27
fun,27
apple tree,27
thing,27
tide,27
enclosure,27
martial,27
shutter,27
ceramic,27
graduate,26
bedroom window,26
sauce,26
golf,26
steam,26
backyard,26
oil painting,26
herb,26
tourist attraction,26
wedding cake,26
form,26
pyramid,26
urinal,26
pomegranate,26
freezer,26
sugar,26
water fountain,26
cathedral,26
trailer,26
paper towel,26
border,26
spin,26
telephone pole,26
pool table,26
plain,25
tin,25
school bus,25
fern,25
cub,25
dog bed,25
biscuit,25
flower box,25
shrine,25
hook,25
orbit,25
palette,25
police car,25
freeway,25
bay,24
raccoon,24
podium,24
column,24
linen,24
pickup truck,24
corn field,24
vacation,24
news,24
marina,24
water drop,24
horseback,24
warehouse,24
frying pan,24
rv,24
muffin,24
huge,23
lock,23
skate park,23
driveway,23
typewriter,23
display case,23
poppy,23
camel,23
race car,23
laundry basket,23
crayon,23
night view,23
chase,23
architecture,23
burn,23
ham,23
protest,23
lead to,23
canyon,23
graph,23
tablet computer,23
jewelry,22
cooler,22
cabbage,22
stethoscope,22
peak,22
firefighter,22
thermometer,22
gazebo,22
fishing rod,22
table lamp,22
yacht,22
sleigh,22
volleyball,22
web,22
ramp,22
christmas card,22
cable,22
hen,22
tree house,22
appear,21
peacock,21
baseball glove,21
hip,21
wall clock,21
glass plate,21
countryside,21
retro,21
stained,21
sewing machine,21
exhibit,21
office building,21
lens,21
greenhouse,21
pretty,21
bookstore,21
race,21
window display,21
ruin,21
puzzle,20
credit card,20
willow tree,20
shrimp,20
bomb,20
ski lift,20
ferry,20
movie poster image,20
maple leave,20
mission,20
trampoline,20
lagoon,20
sloth,20
dog house,20
gas,20
weed,20
figure skater,20
dentist,20
plum,19
easter egg,19
geranium,19
play on,19
launch,19
soccer,19
skylight,19
cemetery,19
rest,19
fight,19
coffee shop,19
cockpit,19
golden gate bridge,19
chess,19
medal,19
zebra,19
cat tree,19
maze,18
thread,18
terrace,18
recording studio,18
fair,18
presentation,18
carriage,18
tennis shoe,18
traffic signal,18
move,18
spacecraft,18
ceremony,18
bean,18
catch,18
polo shirt,18
dinner table,18
fireman,18
plaid,18
clean,18
worker,18
strike,17
video camera,17
antenna,17
band,17
tourist,17
dj,17
crowded,17
hut,17
canopy,17
vet,17
steak,17
construction worker,17
prairie,17
hose,17
aurora,17
lilac,17
resort,16
decker bus,16
food truck,16
tissue paper,16
sweet,16
knot,16
clip art,16
weapon,16
jug,16
rider,16
business,16
topping,16
corridor,16
mustard,16
overpass,16
vineyard,16
tree stump,16
mountain top,16
flashlight,16
dew,15
cello,15
art print,15
theater,15
outline,15
transparent,15
pod,15
wheelbarrow,15
blender,15
leather,15
metallic,15
swamp,15
legging,15
toilet bowl,15
ruler,15
parking meter,15
creature,15
president,15
curve,15
bill,15
planter,15
golfer,15
kick,14
radish,14
dough,14
factory,14
grid,14
trash,14
axe,14
handstand,14
hummingbird,14
novel,14
mango,14
summer,14
switch,14
grill,14
death,14
salmon,14
marsh,14
parade,14
industrial,14
thin,14
dragonfly,14
vanity,14
panel,14
businessman,14
cane,14
break,14
window box,14
patient,14
fire truck,14
skillet,13
moose,13
pillar,13
pine cone,13
treadmill,13
plank,13
rapper,13
emblem,13
parking sign,13
padlock,13
help,13
postage stamp,13
zombie,13
tablecloth,13
bathing suit,13
paper plate,13
shallow,13
pint,13
cartoon style,13
advertising,13
city view,13
football team,13
ripple,13
bear cub,13
place,13
sari,13
eggplant,13
claw,13
stormy,13
deep,13
grass field,13
tool,13
actress,13
folder,13
hedge,13
marble,12
clipboard,12
raindrop,12
project,12
sleeve,12
grocery,12
strap,12
clay,12
cheerleader,12
ram,12
fire pit,12
tablet pc,12
motorbike,12
shepherd,12
kangaroo,12
tractor,12
kayak,12
mold,12
program,12
ostrich,12
orchard,12
kettle,12
gorilla,12
shelving,12
diver,12
auditorium,12
ceiling fan,12
indoor,12
torch,12
light bulb,12
headlight,11
whiskey,11
commuter,11
deity,11
pea,11
post box,11
world map,11
maple tree,11
laundry room,11
low,11
cyclist,11
land,11
surgery,11
soil,11
war,11
golf ball,11
fruit stand,11
beetle,11
saxophone,11
kitchen table,11
strip,11
gather,11
reef,11
inscription,11
bookcase,11
water park,11
graveyard,10
stump,10
baseball uniform,10
bicyclist,10
pathway,10
awning,10
fruit salad,10
bud,10
textured,10
computer desk,10
icicle,10
knight,10
pedestal,10
pallet,10
cop,10
pavement,10
lobby,10
kitchen window,10
rock wall,10
craft,10
window seat,10
animation film,10
bedding,10
light fixture,10
accessory,10
banana tree,10
brochure,10
customer,10
business card,10
motorcyclist,10
prince,10
cardboard,10
warrior,10
retriever,10
pavilion,10
mount,10
rubble,10
water surface,10
stilt,10
casino,9
interview,9
pelican,9
various,9
baseball field,9
attraction,9
cell,9
microwave oven,9
beach ball,9
movie theater,9
dribble,9
ocean view,9
spire,9
store window,9
screen door,9
greenery,9
crack,9
celebration,9
create,9
railway track,9
weather,9
senior,9
coral,9
gadget,9
archway,9
display,9
tap,9
drain,9
deck chair,9
choir,9
cuisine,9
drug,9
gondola,9
facade,9
waiting room,9
salt,9
sleeping bag,9
christmas decoration,9
steam train,9
egret,9
ice rink,9
pottery,9
armchair,9
compete,9
sit around,9
sand castle,9
mosque,9
flare,9
shop window,9
graduation ceremony,9
garland,9
car door,8
cat bed,8
policeman,8
farmer,8
evening dress,8
flag pole,8
build,8
salt lake,8
twin,8
hall,8
coffee bean,8
tapestry,8
frosty,8
mess,8
dozen,8
flower bed,8
officer,8
end table,8
silverware,8
accordion,8
scientist,8
wool,8
chapel,8
runner,8
sport,8
bank,8
caterpillar,8
construction,8
staff,8
camper,8
dunk,8
puppy dog,8
nest,8
dahlia,8
watercolor,8
log cabin,8
eyelash,8
palace,8
medieval,8
bolt,8
needle,8
fjord,8
rice field,8
metal,8
plaque,8
mantle,8
family photo,8
nursery,8
rim,8
spider web,8
garlic,7
wetsuit,7
debris,7
cab,7
catwalk,7
bunk bed,7
cool,7
premiere,7
pebble,7
mountain landscape,7
mountain view,7
mane,7
wardrobe,7
toilet seat,7
installation,7
dishwasher,7
appetizer,7
tree trunk,7
shed,7
printer,7
hiker,7
glass building,7
birch tree,7
cupboard,7
compass,7
mound,7
cord,7
photography,7
crest,7
quiet,7
camouflage,7
steep,7
project picture,7
paddle,7
waiter,7
constellation,7
shopping mall,7
pharmacy,7
angle,7
marriage,7
acorn,7
punch,7
road trip,7
base,7
prayer,7
gas stove,7
telephone box,7
poster page,6
commercial,6
balance,6
water tower,6
dressing room,6
sea wall,6
street scene,6
list,6
cheetah,6
campus,6
wii controller,6
construction site,6
cardinal,6
silk,6
serve,6
pop artist,6
biplane,6
monument,6
shack,6
gold medal,6
appliance,6
shelter,6
concrete,6
iron,6
picket fence,6
mansion,6
seaweed,6
garbage,6
boulder,6
stunt,6
check,6
tarmac,6
heron,6
connect,6
jump in,6
hawk,6
almond,6
opera house,6
hockey player,6
campaign,6
marker,6
hit,6
coastline,6
lane,6
mountain peak,6
stone bridge,6
prison,6
carve,6
happiness,6
autumn tree,6
nature,6
holly,6
moss,6
algae,6
bus window,6
boar,5
rapid,5
centerpiece,5
arena,5
watermark overlay stamp,5
peanut,5
kitchen floor,5
grow on,5
evening sky,5
backdrop,5
composition,5
flash,5
anchor,5
fire engine,5
desktop computer,5
gentleman,5
dirty,5
bay window,5
motor boat,5
antique,5
drummer,5
mast,5
humpback whale,5
caravan,5
block,5
greyhound,5
marathon,5
lift,5
dance floor,5
tripod,5
plot,5
bass,5
bird house,5
attic,5
strong,5
lounge chair,5
wedding bouquet,5
platter,5
motherboard,5
ski slope,5
teenage,5
oyster,5
barley,5
grove,5
spice,5
bathroom door,5
parsley,5
security guard,5
stone house,5
shrub,5
circus,5
wedding ceremony,5
capture,5
grey,5
baboon,5
stone building,5
ambulance,5
fruit tree,5
plaster,5
baseball game,5
grassland,5
closed,5
seafood,5
meatball,5
gingerbread house,5
walker,4
coral reef,4
villa,4
maple,4
hip hop artist,4
bird feeder,4
hibiscus flower,4
bell tower,4
twig,4
fixture,4
tundra,4
cauliflower,4
sunset sky,4
meeting,4
grain,4
well,4
grandmother,4
bumper,4
battle,4
bartender,4
material,4
lava,4
attach,4
steeple,4
fishing net,4
beef,4
white house,4
buddha,4
guitarist,4
airport terminal,4
power plant,4
loft,4
surgeon,4
army,4
illuminate,4
violinist,4
blizzard,4
microscope,4
teenager,4
driftwood,4
practice,4
bird bath,4
pine forest,4
teal,4
produce,4
farmhouse,4
wrestler,4
dart,4
glass box,4
tea plantation,4
port,4
wii,4
plan,4
judge,4
memorial,4
level,4
fence post,4
gem,4
dining area,4
watercolor illustration,4
pain,4
pope,4
blackberry,3
workshop,3
frost,3
rural,3
root,3
biological,3
throw pillow,3
property,3
opening,3
worship,3
sea turtle,3
twilight,3
ridge,3
pocket watch,3
lemur,3
stencil,3
equestrian,3
drone,3
game controller,3
diner,3
sunny,3
altar,3
pergola,3
sunshine,3
falcon,3
bundle,3
limb,3
domino,3
counter top,3
boutique,3
cork,3
article,3
sparrow,3
sport equipment,3
laboratory,3
beige,3
job,3
clutch,3
ski resort,3
bridesmaid,3
elk,3
lecture,3
monarch butterfly,3
wedding gown,3
fungus,3
screw,3
skater,3
hike,3
business people,3
football field,3
autograph,3
tv show,3
military,3
shopper,3
screen tv,3
softball,3
lovely,3
natural,3
family portrait,3
mountain goat,3
ballet dancer,3
footwear,3
pub,3
chameleon,3
birth,3
asparagus,3
jaw,3
transportation,3
march,3
performer,3
master bedroom,3
motorcycle racer,3
camp,3
drill,3
jockey,3
headboard,3
cannon,3
ant,3
shiny,3
flyer,3
car park,3
gravel,3
glass wall,3
plaza,3
rain cloud,3
race track,3
scaffolding,3
sell,3
finish line,3
basketball team,2
ballroom,2
stir,2
wetland,2
scoreboard,2
cafeteria,2
meeting room,2
spectator,2
antelope,2
technology,2
rainforest,2
tee,2
superhero,2
sand sculpture,2
basilica,2
ditch,2
bark,2
seating,2
historical,2
lawn mower,2
biker,2
coloring book,2
spike,2
competition,2
barrier,2
bowling ball,2
textile,2
commander,2
minute,2
receive,2
wrapping paper,2
royal,2
camping,2
church building,2
rustic,2
dam,2
dip,2
footballer,2
barge,2
mechanic,2
terrain,2
relief,2
painting artist,2
buffalo,2
suv,2
estate,2
swirl,2
ski pole,2
scuba diver,2
pantry,2
mixture,2
winter scene,2
barbecue,2
airliner,2
archive,2
viewer,2
infant,2
temperature,2
deliver,2
foal,2
handshake,2
armed,2
chart,2
farmer market,2
boat house,2
automobile model,2
referee,2
signal,2
cricket,2
home office,2
flower girl,2
gallery,2
baker,2
coach,2
beach sand,2
lush,2
fondant,2
soccer game,2
kitchen cabinet,2
sit with,2
country pop artist,2
nightclub,2
load,2
rusty,2
tour bus,2
exercise,2
tile floor,2
school child,2
spinach,2
grasshopper,2
tartan,2
pine,2
ottoman,2
car show,2
office desk,2
business woman,2
mare,2
spray,2
water feature,2
railway station,2
batter,2
dumbbell,2
flip,2
monastery,1
horseshoe,1
glaze,1
stylish,1
moor,1
christmas market,1
guide,1
bulldozer,1
church tower,1
aircraft carrier,1
dirt field,1
highlight,1
ice hockey player,1
doodle,1
windy,1
forest road,1
painter,1
winery,1
book cover,1
pedestrian crossing,1
flea market,1
turn,1
gorge,1
asphalt,1
orangutan,1
twist,1
racecar driver,1
stable,1
airline,1
stalk,1
bumblebee,1
run with,1
meditation,1
conductor,1
engine,1
cinema,1
operation,1
sun ray,1
willow,1
flood,1
rise building,1
religion,1
saddle,1
fish market,1
waterway,1
floor plan,1
operate,1
bit,1
damage,1
stain,1
sound,1
supercar,1
mountain pass,1
adult,1
cargo ship,1
cheer,1
vector icon,1
wedding party,1
mountain road,1
shoreline,1
sculptor,1
baseball pitcher,1
drought,1
tow truck,1
slum,1
home plate,1
traffic jam,1
teach,1
grind,1
cricket player,1
tortoise,1
tower bridge,1
trainer,1
debate,1
mineral,1
flour,1
wide,1
,1
buffet,1
street vendor,1
file,1
mark,1
drinking water,1
conflict,1
rear,1
woodland,1
siding,1
forest floor,1
mosquito,1
saw,1
pepperoni,1
coal,1
vendor,1
fossil,1
engineer,1
turquoise,1
fir tree,1
foliage,1
fishing village,1
parking,1
pollution,1
walnut,1
oak tree,1
fancy,1
zucchini,1
department store,1
beehive,1
fall in,1
direct,1
conference room,1
dining room table,1
offer,1
sedan,1
jetty,1
sauna,1
greet,1
football game,1
meter,1
sea lion,1
flower market,1
wildebeest,1
peel,1
exit,1
swimming,1
woodpecker,1
captain,1
sailing ship,1
motif,1
river bed,1
rib,1
rally,1
fashion look,1
labyrinth,1
olive tree,1
bold,1
tusk,1
letter logo,1
bison,1
reservoir,1
baseball team,1
bus station,1
rugby player,1
demonstration,1
learn,1
mill,1
wasp,1
rock climber,1
climber,1
sitting,1
leader,1
send,1
oasis,1
pump,1
post office,1
pound,1
bronze statue,1
collect,1
